,keyword
0,안녕하세요!
1,텍스트에서
2,중요한
3,명사를
4,추출해드릴게요.
5,하지만
6,제가
7,직접
8,파일에
9,접근해서
10,내용을
11,읽을
12,수
13,없기
14,"때문에,"
15,파일의
16,내용을
17,제공해주시면
18,중요한
19,명사를
20,추출해드릴
21,수
22,있어요.
23,가능하시다면
24,파일의
25,내용을
26,직접
27,입력해주실
28,수
29,있을까요?
30,1.
31,BNK금융그룹
32,2.
33,친환경
34,소재
35,3.
36,BIG
37,소재
38,4.
39,카드
40,플레이트
41,5.
42,한국환경산업기술원
43,6.
44,친환경
45,표지
46,인증
47,7.
48,부산은행
49,8.
50,딩딩신용카드
51,9.
52,동백전
53,카드
54,10.
55,오늘의
56,e카드
57,11.
58,그린카드
59,12.
60,ESG
61,리스크
62,13.
63,업종별
64,전담
65,심사역
66,제도
67,14.
68,ESG
69,경영
70,요소
71,15.
72,"환경,"
73,기후
74,규제
75,16.
76,ESG
77,우수기업
78,17.
79,ESG
80,평가
81,18.
82,친환경
83,프로젝트
84,파이낸싱
85,19.
86,자기자본투자
87,20.
88,사회간접자본
89,21.
90,ESG
91,펀드
92,22.
93,ESG
94,채권
95,23.
96,발행
97,관리체계
98,24.
99,취약계층
100,25.
101,중소기업
102,26.
103,벤처기업
104,27.
105,친환경
106,인프라
107,28.
108,컬러
109,검사위
110,29.
111,ESG
112,체크리스트
113,30.
114,ESG
115,우수기업
116,기준
117,31.
118,잠재적
119,위험
120,32.
121,토지
122,및
123,천연자원
124,사용
125,33.
126,환경경영
127,34.
128,지배구조
129,35.
130,토목자재류
131,36.
132,지역경제
133,활성화
134,37.
135,ESG
136,발행대금
137,38.
138,ESG
139,운용
140,39.
141,녹색
142,분야
143,40.
144,사회
145,분야
146,41.
147,녹색채권
148,42.
149,지속가능
150,채권
151,43.
152,화석연료
153,기반
154,죄송합니다.
155,저장된
156,파일의
157,내용을
158,열람할
159,수
160,없기
161,때문에
162,명사를
163,추출해
164,드릴
165,수
166,없습니다.
167,다른
168,방법으로
169,도움이
170,필요하신가요?
171,기후변화
172,"대응,"
173,사이버
174,보안
175,"강화,"
176,"윤리,"
177,"준법경영,"
178,"환경,"
179,"사회,"
180,"거버넌스,"
181,임팩트
182,좋습니다.
183,DL.txt
184,파일의
185,내용을
186,확인해야겠습니다.
187,파일을
188,업로드해주세요.
189,내용
190,중요한
191,명사로
192,추출하기
193,어렵습니다.
194,더
195,구체적인
196,질문이나
197,내용을
198,알려주시면
199,더
200,도와드릴
201,수
202,있을
203,것
204,같아요.
205,물론이죠.
206,"""DL이앤씨.txt"""
207,파일을
208,업로드해
209,주시거나
210,텍스트로
211,내용을
212,입력해
213,주시면
214,저는
215,중요한
216,명사를
217,추출하여
218,보여드릴
219,수
220,있습니다.
221,내용
222,->
223,명사
224,좋습니다.
225,어떤
226,내용을
227,중요한
228,명사로
229,추출해드릴까요?
230,문서
231,내용이
232,무엇인지
233,알려주시겠어요?
234,그러면
235,그중에서
236,중요한
237,명사를
238,추출해
239,드릴
240,수
241,있어요.
242,내용
243,중요
244,명사
245,추출을
246,도와드리겠습니다.
247,하나씩
248,보여주시겠어요?
249,-
250,준법통제
251,기준
252,-
253,컴플라이언스
254,프로그램
255,-
256,거버넌스
257,-
258,준법
259,지원
260,조직
261,-
262,준법
263,교육
264,프로그램
265,-
266,준법
267,지원인
268,-
269,준법
270,서약서
271,-
272,회사
273,자료
274,제출
275,권한
276,-
277,기업윤리
278,-
279,준법
280,지원
281,활동
282,-
283,준법의식
284,-
285,적법성
286,감시
287,-
288,법적
289,리스크
290,관리
291,-
292,법령
293,개정
294,및
295,규제
296,동향
297,죄송해요.
298,저는
299,텍스트
300,파일을
301,직접
302,읽고
303,내용을
304,처리하는
305,데
306,도와드릴
307,수
308,없어요.
309,하지만
310,텍스트
311,파일을
312,업로드해
313,주시면
314,중요한
315,명사를
316,추출하는
317,데
318,도와드릴
319,수
320,있습니다.
321,파일을
322,올려주시겠어요?
323,당신의
324,요청을
325,이해했습니다.
326,다음은
327,중요한
328,명사로
329,추출된
330,내용입니다:
331,-
332,내용
333,-
334,중요
335,-
336,명사
337,-
338,추출
339,제가
340,명사를
341,추출하는
342,데
343,시간이
344,걸릴
345,수
346,있습니다.
347,잠시만
348,기다려주세요.
349,GS리테일은
350,환경경영에
351,대한
352,국제표준
353,ISO
354,14001을
355,"획득하고,"
356,친환경
357,매장
358,운영과
359,녹색구매활동을
360,통해
361,환경영향을
362,최소화하며
363,사회적
364,책임을
365,다하는
366,데
367,노력하고
368,있습니다.
369,GS리테일은
370,친환경
371,제품의
372,개발과
373,"유통,"
374,친환경
375,매장
376,"운영,"
377,환경영향을
378,저감하기
379,위한
380,활동
381,등을
382,통해
383,지속가능한
384,소비와
385,환경보호에
386,기여하고
387,있습니다.회의‘자원순환의
388,날’에
389,환경부장관상을
390,"받으며,"
391,PVC
392,랩
393,대신
394,친환경
395,PO
396,랩을
397,도입하고
398,아이스팩
399,세척
400,및
401,무상
402,"제공,"
403,음식물
404,쓰레기
405,자체처리기
406,설치
407,등을
408,통해
409,녹색소비
410,촉진
411,및
412,친환경
413,활동을
414,지속적으로
415,확대하고
416,있습니다.
417,죄송합니다.
418,파일
419,내용을
420,알
421,수
422,없어서
423,도와드릴
424,수
425,없습니다.
426,다른
427,질문이
428,있으시면
429,알려주세요.
430,-
431,시브
432,설계기법
433,-
434,경관
435,-
436,식물
437,-
438,환경
439,-
440,액티브
441,설계기법
442,-
443,신재생에너지
444,기술
445,-
446,ZEB
447,등급
448,-
449,지속가능한
450,자연경관
451,-
452,환경친화적
453,조경
454,-
455,비용
456,-
457,효율
458,-
459,운영
460,텍스트
461,파일의
462,내용을
463,분석하여
464,중요한
465,명사를
466,추출해드릴게요.
467,잠시만
468,기다려주세요.
469,분석
470,결과를
471,곧
472,알려드리겠습니다.
473,내용을
474,봐야
475,정확히
476,"알겠지만,"
477,텍스트
478,안에
479,중요한
480,명사를
481,추출해
482,드릴
483,수
484,있습니다.
485,텍스트를
486,입력해
487,주세요.
488,내용
489,-
490,명사
491,내용:
492,"""일정을"
493,취소하고
494,환불
495,절차에
496,대해
497,"문의드립니다."""
498,중요한
499,명사
500,추출:
501,"일정,"
502,"취소,"
503,"환불,"
504,"절차,"
505,문의
506,내용
507,중요한
508,명사로
509,추출하기를
510,원하셨나요?
511,좀
512,더
513,구체적인
514,내용을
515,알려주시면
516,도와드릴
517,수
518,있을
519,것
520,같아요.
521,내용을
522,파악하기
523,위해
524,보다
525,더
526,구체적인
527,내용을
528,제공해주세요.
529,어떤
530,주제나
531,텍스트에서
532,중요한
533,명사를
534,추출해야
535,하는지
536,제공해주시면
537,도와드릴
538,수
539,있습니다.
540,내용에서
541,중요한
542,명사를
543,추출하기
544,위해
545,좀
546,더
547,구체적인
548,내용을
549,알려주실
550,수
551,있나요?
552,예를
553,들면
554,어떤
555,주제에
556,대한
557,내용인지나
558,특정
559,문장을
560,제공해주시면
561,도와드릴
562,수
563,있을
564,것입니다.
565,물론이죠.
566,제가
567,도와드릴게요.
568,어떤
569,내용을
570,중요한
571,명사로
572,추출해야
573,하는지
574,알려주세요.
575,내용에서
576,중요한
577,명사를
578,추출하기
579,위해
580,좀
581,더
582,구체적인
583,내용을
584,제공해주세요.
585,어떤
586,주제에
587,관한
588,내용인가요?
589,해당
590,내용을
591,통해
592,어떠한
593,정보를
594,추출해야
595,하는지
596,"알려주시면,"
597,도와드리도록
598,하겠습니다.
599,분석을
600,하기
601,위해
602,파일을
603,요청하시면
604,도와드릴
605,수
606,있습니다.
607,파일을
608,다른
609,방법으로
610,전달하거나
611,내용을
612,직접
613,입력해
614,주시면
615,됩니다.
616,내용에
617,대한
618,추가
619,정보가
620,"없지만,"
621,예를
622,들어
623,"""나는"
624,오늘
625,학교에
626,"갔다"""
627,라는
628,문장에서
629,중요한
630,명사는
631,"""나""와"
632,"""학교""가"
633,될
634,수
635,있습니다.
636,최적의
637,결과를
638,위해
639,특정
640,내용을
641,제공해주시면
642,더
643,정확한
644,도움을
645,드릴
646,수
647,있습니다.
648,내용
649,중에서
650,중요한
651,명사를
652,추출해드리겠습니다.
653,아래는
654,추출된
655,중요한
656,명사입니다:
657,-
658,내용
659,-
660,명사
661,제가
662,명사로
663,추출해드릴
664,내용을
665,입력해주세요.
666,좋습니다.
667,어떤
668,내용의
669,중요한
670,명사를
671,추출해야
672,하는지
673,알려주세요.
674,내용을
675,보내
676,주셔서
677,감사합니다.
678,중요한
679,명사로
680,추출해볼게요.
681,하지만
682,내용이
683,무엇인지
684,알려주시면
685,더욱
686,정확한
687,도움을
688,드릴
689,수
690,있습니다.내용을
691,입력해주세요.
692,죄송합니다.
693,텍스트
694,분석을
695,할
696,수
697,없습니다.하지만
698,중요한
699,명사를
700,추출할
701,때는
702,다른
703,도구나
704,프로그램을
705,사용해볼
706,수
707,있습니다.
708,Python과
709,같은
710,프로그래밍
711,언어를
712,이용하여
713,텍스트
714,처리
715,및
716,분석을
717,할
718,수
719,있습니다.
720,만약
721,자세한
722,정보가
723,필요하시다면
724,언제든
725,다시
726,물어보세요.
727,-
728,자율운항시스템
729,4단계
730,구축
731,-
732,FOS
733,착수
734,-
735,친환경
736,연료로의
737,전환
738,추진
739,및
740,친환경
741,제품
742,개발
743,-
744,인권경영
745,프로세스
746,및
747,정책
748,수립
749,-
750,인권경영
751,거버넌스
752,구축
753,-
754,인권경영
755,실천
756,규정
757,제·개정
758,-
759,인권
760,영향평가
761,분석
762,및
763,보고서
764,발간
765,죄송합니다.
766,파일의
767,내용을
768,확인할
769,방법이
770,없어서
771,해당
772,요청을
773,수행할
774,수
775,없습니다.
776,파일의
777,내용을
778,직접
779,"입력하거나,"
780,특정
781,명사들을
782,제시해주시면
783,해당
784,명사들을
785,추출하는
786,데
787,도움을
788,드릴
789,수
790,있습니다.
791,내용
792,중요
793,명사
794,추출해드리겠습니다.
795,부정적인
796,가능한
797,가능성을
798,줄이는
799,"방법,"
800,세세하게
801,계획된
802,"계획들,"
803,명확한
804,명확한
805,정보
806,및
807,전략.
808,좋습니다.
809,어떤
810,내용의
811,명사를
812,추출해야
813,하는지
814,더
815,자세히
816,설명해주시겠어요?
817,내용을
818,파악하려면
819,먼저
820,내용이
821,무엇인지
822,알아야
823,해요.
824,내용을
825,제공해주시겠어요?
826,내용:
827,중요한
828,명사
829,해당
830,파일에
831,있는
832,내용을
833,확인할
834,수는
835,"없지만,"
836,보통
837,중요한
838,명사를
839,추출하기
840,위해서는
841,자연어
842,처리
843,기술을
844,사용해야
845,합니다.
846,일반적으로는
847,텍스트
848,분석이나
849,형태소
850,분석을
851,통해
852,명사를
853,추출할
854,수
855,있습니다.
856,하지만
857,이
858,프로그램에서는
859,파일을
860,직접
861,열
862,수
863,없기
864,"때문에,"
865,직접
866,파일을
867,열어서
868,명사를
869,"추출하거나,"
870,파일을
871,복사해서
872,제공해주시면
873,제가
874,도와드릴
875,수
876,있습니다.
877,가능하다면
878,파일의
879,내용을
880,복사하여
881,여기에
882,붙여넣어
883,주세요.
884,"한울회,"
885,협력사
886,"소통채널,"
887,협력사
888,네트워크
889,"프로그램,"
890,"내부통제활동,"
891,"내부회계관리제도,"
892,"인재개발원,"
893,환경
894,"교육,"
895,친환경
896,제품
897,구매
898,죄송합니다.
899,제가
900,파일을
901,열
902,수
903,없어서
904,내용을
905,확인하거나
906,추출해
907,드릴
908,수
909,없습니다.
910,다른
911,방법으로
912,도와드릴까요?
913,-
914,육하고
915,-
916,홍보
917,-
918,품질
919,-
920,환경
921,-
922,안전보건
923,-
924,법규
925,-
926,요건
927,-
928,최신
929,-
930,관리
931,-
932,연
933,1회
934,-
935,변경
936,-
937,여부
938,-
939,확인
940,-
941,환경안전보건
942,법규
943,등록부
944,-
945,등록
946,-
947,절차
948,죄송하지만
949,해당
950,텍스트
951,파일을
952,열어
953,내용을
954,확인할
955,수는
956,없습니다.
957,하지만
958,직접
959,텍스트
960,파일을
961,열어서
962,내용을
963,확인하고
964,중요한
965,명사를
966,추출해
967,주는
968,도구를
969,"사용하거나,"
970,텍스트
971,파일을
972,여기에
973,붙여넣어
974,주시면
975,제가
976,도와드릴
977,수
978,있습니다.
979,환경경영
980,"내부감사,"
981,화학물질
982,"관리,"
983,"환경목표,"
984,폐기물
985,"관리법,"
986,"안전환경지침,"
987,"친환경차량,"
988,"ESG평가,"
989,협력사평가.
990,죄송합니다.
991,제가
992,직접
993,파일에서
994,내용을
995,읽어온
996,뒤
997,중요한
998,명사를
999,추출해
1000,드릴
1001,수
1002,없습니다.
1003,하지만
1004,파일
1005,안의
1006,내용을
1007,직접
1008,입력해
1009,주시면
1010,중요한
1011,명사를
1012,추출해
1013,드릴
1014,수
1015,있습니다.
1016,가능하시다면
1017,파일
1018,내용을
1019,직접
1020,입력해주십시오.
1021,-
1022,빅데이터
1023,포탈
1024,-
1025,ESG경영
1026,-
1027,여신
1028,심사
1029,-
1030,사회가치
1031,-
1032,미래가치
1033,우수기업
1034,-
1035,혁신성장
1036,공동기준
1037,-
1038,ESG자가진단
1039,Tool
1040,-
1041,ESG동반성장협약
1042,-
1043,ESG채권
1044,-
1045,IBK
1046,ESG채권
1047,가이드라인
1048,-
1049,환경경영
1050,전략
1051,-
1052,네거티브
1053,스크리닝
1054,-
1055,ESG테마펀드
1056,-
1057,ESG금융
1058,-
1059,친환경
1060,에너지
1061,-
1062,IBK
1063,SUSTAINABILITY
1064,REPORT
1065,-
1066,IBK
1067,캐피탈
1068,-
1069,IBK
1070,연금보험
1071,-
1072,직접
1073,투자
1074,-
1075,그린본드
1076,-
1077,그린스마트스쿨
1078,-
1079,ESG
1080,ESG채권
1081,인수
1082,-
1083,ESG가이드
1084,-
1085,ESG경영
1086,필요성
1087,-
1088,ESG종합등급
1089,-
1090,ESG자가진단
1091,Tool
1092,-
1093,ESG정밀진단
1094,-
1095,ESG경영
1096,체계
1097,-
1098,중소기업
1099,ESG경영결과
1100,-
1101,ESG분야별
1102,점수
1103,-
1104,ESG컨설팅
1105,-
1106,ESG분야별
1107,문제점
1108,-
1109,ESG경영체계구축
1110,-
1111,ESG정밀진단
1112,-
1113,ESG컨설팅
1114,-
1115,ESG경영체계
1116,구축
1117,죄송합니다.
1118,특정
1119,파일의
1120,내용을
1121,분석하거나
1122,추출해
1123,드리기는
1124,보안
1125,및
1126,개인정보
1127,이슈로
1128,인해
1129,도와드릴
1130,수
1131,없습니다.
1132,다른
1133,방법으로
1134,도와드릴
1135,수
1136,있는
1137,것이
1138,있다면
1139,알려주세요.
1140,검증결과:
1141,검증팀은
1142,강원랜드의
1143,보고서가
1144,GRI
1145,Standards
1146,2021에
1147,따라
1148,"작성되었으며,"
1149,AA1000AP(2018)의
1150,SRV1000을
1151,적용하여
1152,Type
1153,2
1154,방법과
1155,Moderate
1156,수준의
1157,보증
1158,형태로
1159,검증되었음을
1160,확인하였습니다.
1161,이에
1162,따라
1163,원칙
1164,준수와
1165,관련한
1166,부적절한
1167,부분을
1168,발견하지
1169,"못했으며,"
1170,"포괄성,"
1171,"중요성,"
1172,"대응성,"
1173,영향성
1174,원칙의
1175,준수
1176,여부와
1177,GRI
1178,지표의
1179,신뢰성
1180,평가를
1181,통해
1182,강원랜드의
1183,보고서의
1184,높은
1185,품질을
1186,확인하였습니다.
1187,의견:
1188,검증팀은
1189,강원랜드가
1190,이해관계자에
1191,대한
1192,조직의
1193,책임을
1194,공약하고
1195,이를
1196,실천하기
1197,위해
1198,다양한
1199,이해관계자
1200,커뮤니케이션
1201,채널을
1202,개발하고
1203,있음을
1204,확인하였습니다.
1205,"또한,"
1206,중대성
1207,평가를
1208,통해
1209,중요주제의
1210,세부지표를
1211,도출할
1212,때
1213,누락된
1214,주요
1215,이해관계자
1216,그룹이
1217,"없었으며,"
1218,이들의
1219,견해와
1220,기대가
1221,적절히
1222,조직
1223,전략에
1224,반영되고
1225,있음을
1226,확인하였습니다.
1227,지속가능성
1228,성과
1229,정보에서
1230,의도적
1231,오류나
1232,잘못된
1233,기술을
1234,발견하지
1235,못했음을
1236,확인하였습니다.
1237,중요한
1238,명사
1239,추출:
1240,-
1241,검증
1242,결과
1243,-
1244,원칙
1245,준수
1246,-
1247,보고서
1248,작성
1249,-
1250,중대성
1251,평가
1252,-
1253,지속가능경영
1254,전략
1255,-
1256,성과정보
1257,시스템
1258,-
1259,데이터
1260,샘플링
1261,-
1262,외부
1263,출처
1264,-
1265,정보
1266,신뢰성
1267,-
1268,포괄성
1269,-
1270,중요성
1271,-
1272,대응성
1273,-
1274,영향성
1275,-
1276,GRI
1277,지표
1278,죄송합니다.
1279,저는
1280,텍스트
1281,파일의
1282,내용을
1283,직접
1284,읽을
1285,수
1286,없습니다.
1287,하지만
1288,직접
1289,텍스트
1290,파일을
1291,열어서
1292,내용을
1293,확인하시고
1294,중요한
1295,명사를
1296,추출하시는
1297,데
1298,도움을
1299,드릴
1300,수
1301,있습니다.
1302,도움이
1303,필요하시면
1304,언제든지
1305,말씀해주세요.
1306,고려아연은
1307,2023년
1308,인권영향평가를
1309,통해
1310,주요
1311,인권
1312,리스크로
1313,임직원
1314,"안전보건,"
1315,성과
1316,및
1317,"평가보상,"
1318,그리고
1319,근로시간을
1320,식별했습니다.
1321,이
1322,중에서도
1323,인재
1324,채용에
1325,대한
1326,노력과
1327,취약
1328,집단인
1329,"협력사,"
1330,"임직원,"
1331,관계사에
1332,대한
1333,대응이
1334,중요한
1335,이슈로
1336,파악되었습니다.
1337,인권
1338,이슈에
1339,대한
1340,대응
1341,방식으로는
1342,상급
1343,관리자에
1344,도움을
1345,요청하는
1346,방법이
1347,주로
1348,"채택되었으며,"
1349,"협력사,"
1350,"임직원,"
1351,관계사가
1352,취약한
1353,이해관계자
1354,집단으로
1355,나타났습니다.
1356,임직원
1357,안전보건
1358,문제는
1359,안전보건위원회나
1360,안전
1361,신문고를
1362,통해
1363,현황을
1364,파악하고
1365,개선점을
1366,찾아
1367,정책에
1368,반영할
1369,"예정이며,"
1370,성과
1371,및
1372,평가보상은
1373,새로운
1374,평가체계를
1375,통해
1376,임직원과의
1377,소통을
1378,강화하고
1379,공평한
1380,기회를
1381,제공할
1382,계획입니다.
1383,"또한,"
1384,근로시간
1385,이슈에
1386,대해서도
1387,초과
1388,근로를
1389,파악하고
1390,유연근무제를
1391,활용하여
1392,효율적으로
1393,관리할
1394,방향을
1395,설정하고
1396,있습니다.
1397,이처럼
1398,인재
1399,"채용,"
1400,취약
1401,집단
1402,"대응,"
1403,"안전보건,"
1404,성과
1405,"평가,"
1406,그리고
1407,근로시간
1408,관리
1409,등이
1410,고려아연이
1411,중요하게
1412,다루는
1413,인권
1414,관련
1415,이슈라는
1416,것을
1417,알
1418,수
1419,있습니다.
1420,죄송합니다.
1421,교보증권.txt
1422,파일의
1423,내용을
1424,열람할
1425,수
1426,없기
1427,때문에
1428,내용을
1429,확인하여
1430,중요한
1431,명사를
1432,추출해
1433,드릴
1434,수
1435,없습니다.
1436,다른
1437,방식으로
1438,도와드릴
1439,수
1440,있는
1441,무엇이
1442,있을까요?
1443,내용을
1444,파악하는
1445,데
1446,도움을
1447,받을
1448,수
1449,있도록
1450,제가
1451,도와드리겠습니다.
1452,특정
1453,내용을
1454,알려주시면
1455,해당
1456,내용에서
1457,중요한
1458,명사를
1459,추출하여
1460,제공해드릴
1461,수
1462,있습니다.
1463,혹시
1464,특정
1465,문장이나
1466,문단을
1467,공유해주실
1468,수
1469,있나요?
1470,죄송합니다.
1471,파일을
1472,업로드해주시거나
1473,직접
1474,내용을
1475,입력해주셔야
1476,합니다.
1477,제가
1478,파일을
1479,열어볼
1480,수
1481,없기
1482,때문에
1483,도와드릴
1484,수
1485,없습니다.
1486,파일이나
1487,텍스트
1488,내용을
1489,입력해주시면
1490,중요한
1491,명사를
1492,추출하는
1493,것을
1494,도와드리겠습니다.
1495,좋습니다.
1496,제가
1497,주어진
1498,내용을
1499,살펴보고
1500,중요한
1501,명사를
1502,추출해보겠습니다.
1503,제가
1504,이해한
1505,대로
1506,제시한
1507,내용에서
1508,중요한
1509,명사는
1510,"""내용""과"
1511,"""명사""입니다."
1512,이
1513,외에도
1514,추가로
1515,관련된
1516,명사를
1517,추출해야
1518,한다면
1519,단어나
1520,문장을
1521,더
1522,제공해
1523,주세요.
1524,내용
1525,->
1526,명사
1527,내용
1528,->
1529,명사
1530,내용
1531,-->
1532,명사
1533,좋습니다.
1534,어떤
1535,내용의
1536,텍스트를
1537,분석해야
1538,할까요?
1539,"좋아요,"
1540,내용을
1541,보내주세요.
1542,어떠한
1543,도구를
1544,사용하여
1545,명사를
1546,추출할까요?
1547,KoNLPy와
1548,같은
1549,형태소
1550,분석
1551,라이브러리를
1552,이용하여
1553,추출을
1554,도와드릴
1555,수
1556,있습니다.
1557,내용을
1558,"알려주세요,"
1559,제가
1560,중요한
1561,명사로
1562,추출할게요.
1563,물론이죠.
1564,어떤
1565,내용을
1566,중요한
1567,명사로
1568,추출해드릴까요?
1569,"죄송합니다,"
1570,파일
1571,내용을
1572,열람할
1573,수
1574,없습니다.
1575,따라서
1576,파일에
1577,어떤
1578,내용이
1579,있는지
1580,직접
1581,알려주셔야
1582,합니다.
1583,그렇게
1584,해주시면
1585,중요한
1586,명사로
1587,추출해드릴
1588,수
1589,있습니다.
1590,당연히.
1591,어떤
1592,내용을
1593,분석해드릴까요?
1594,내용에서
1595,중요한
1596,명사를
1597,추출해드리겠습니다.
1598,그
1599,내용을
1600,알려주시겠어요?
1601,물론이죠.
1602,어떤
1603,내용을
1604,중요한
1605,명사로
1606,추출해
1607,드릴까요?
1608,내용
1609,->
1610,명사
1611,내용
1612,->
1613,명사
1614,분석결과를
1615,"확인해보니,"
1616,"""넷마블.txt"""
1617,파일에는
1618,다음과
1619,같은
1620,중요한
1621,명사가
1622,포함되어
1623,있습니다:
1624,-
1625,게임
1626,-
1627,서비스
1628,-
1629,모바일
1630,-
1631,기대
1632,-
1633,선수
1634,-
1635,스토어
1636,-
1637,콘텐츠
1638,-
1639,성공
1640,-
1641,이용자
1642,-
1643,미래
1644,원하는
1645,명사
1646,추출이
1647,잘
1648,되었는지
1649,확인해보시고
1650,추가적인
1651,도움이
1652,필요하시면
1653,언제든지
1654,말씀해주세요.
1655,좋습니다.
1656,내용을
1657,파악하고
1658,중요한
1659,명사로
1660,추출해보겠습니다.
1661,부탁드린
1662,내용을
1663,입력해주세요.
1664,죄송합니다.
1665,사용자의
1666,텍스트를
1667,열람할
1668,수
1669,없습니다.
1670,만약
1671,명사를
1672,추출하는
1673,방법을
1674,알려드릴
1675,수
1676,있다면
1677,알려드릴게요.
1678,물론이죠.
1679,어떤
1680,내용의
1681,명사를
1682,추출해
1683,드릴까요?
1684,내용
1685,중요한
1686,명사로
1687,추출하는
1688,것을
1689,부탁드려도
1690,될까요?
1691,내용
1692,-
1693,명사
1694,물론이죠.
1695,내용을
1696,알려주세요.
1697,내용
1698,-
1699,명사
1700,"죄송합니다,"
1701,사용자님께서
1702,제공해주신
1703,텍스트
1704,파일의
1705,내용을
1706,열어줄
1707,수
1708,없기
1709,때문에
1710,중요한
1711,명사를
1712,추출해드릴
1713,수
1714,없습니다.
1715,파일의
1716,내용을
1717,직접
1718,보여주시거나
1719,파일
1720,내용을
1721,텍스트
1722,형식으로
1723,입력해주시면
1724,도와드릴
1725,수
1726,있습니다.
1727,혹시
1728,다른
1729,질문이
1730,있으시면
1731,도와드리겠습니다.
1732,내용을
1733,확인할
1734,수
1735,없으니
1736,정확히
1737,어떤
1738,내용을
1739,중요한
1740,명사로
1741,추출해야
1742,하는지
1743,더
1744,자세히
1745,설명해
1746,줄
1747,수
1748,있나요?
1749,좋습니다.
1750,어떤
1751,내용을
1752,중요한
1753,명사로
1754,추출해드릴까요?
1755,내용
1756,-
1757,명사
1758,죄송합니다.
1759,저는
1760,텍스트
1761,파일이나
1762,특정
1763,문서의
1764,내용을
1765,분석하거나
1766,데이터를
1767,추출하는
1768,기능을
1769,지원하지
1770,않습니다.
1771,"하지만,"
1772,만약
1773,해당
1774,파일의
1775,중요한
1776,명사를
1777,추출하고
1778,싶다면
1779,텍스트
1780,분석
1781,도구나
1782,프로그램을
1783,사용해
1784,보시는
1785,것이
1786,도움이
1787,될
1788,수
1789,있습니다.
1790,만약
1791,다른
1792,도움이
1793,필요하시다면
1794,무엇이든
1795,물어보세요.
1796,물론이죠.
1797,어떤
1798,내용을
1799,추출해드릴까요?
1800,"내용,"
1801,명사
1802,내용을
1803,알려주세요.
1804,내용을
1805,중요한
1806,명사로
1807,추출하는
1808,것이라면
1809,전체
1810,내용을
1811,알려주셔야
1812,합니다.
1813,어떤
1814,내용을
1815,분석하고
1816,추출해야
1817,하는지
1818,자세한
1819,정보를
1820,제공해주시면
1821,더
1822,도와드릴
1823,수
1824,있을
1825,것
1826,같습니다.
1827,가능한
1828,경우
1829,내용을
1830,제공해주시겠어요?
1831,종이든
1832,코드든
1833,선지자든
1834,내용이
1835,전혀
1836,없습니다.
1837,전체적인
1838,문맥을
1839,제공하신
1840,후
1841,다시
1842,시도해
1843,주시겠습니까?
1844,물론입니다.
1845,"""두산.txt"""
1846,파일의
1847,내용을
1848,알려주세요.
1849,내용을
1850,파악하기
1851,위해
1852,자세한
1853,정보를
1854,알려주세요.
1855,"종류,"
1856,"분야,"
1857,특정
1858,주제
1859,등을
1860,공유해주세요.
1861,물론입니다.
1862,당신이
1863,원하시는
1864,내용을
1865,알려주세요.
1866,좋습니다.
1867,내용을
1868,보내주세요.
1869,좋습니다.
1870,어떤
1871,내용을
1872,중요한
1873,명사로
1874,추출해
1875,드릴까요?
1876,당신이
1877,원하는
1878,내용을
1879,제가
1880,더
1881,잘
1882,이해할
1883,수
1884,있도록
1885,좀
1886,더
1887,구체적으로
1888,설명해
1889,주실
1890,수
1891,있나요?
1892,내가
1893,도와드릴
1894,수
1895,있는
1896,내용이
1897,무엇인지
1898,더
1899,자세히
1900,알려주세요.
1901,1.
1902,해킹메일
1903,모의훈련
1904,2.
1905,안전한
1906,비밀번호
1907,사용
1908,가이드
1909,3.
1910,데이터
1911,도난/분실
1912,보호정책
1913,4.
1914,개인정보
1915,유통
1916,가이드
1917,5.
1918,ESG
1919,Core
1920,Values
1921,6.
1922,ESG
1923,Policy
1924,&
1925,Performance
1926,7.
1927,Governance
1928,ESG
1929,거버넌스
1930,8.
1931,정보보안
1932,9.
1933,개인정보보호
1934,관리체계
1935,10.
1936,개인정보보호
1937,활동
1938,11.
1939,개인정보
1940,생명주기
1941,12.
1942,개인정보보호
1943,현황
1944,점검
1945,13.
1946,개인정보보호
1947,성과
1948,14.
1949,개인정보
1950,취급자
1951,15.
1952,개인정보보호
1953,프로세스
1954,16.
1955,취급현황
1956,검토
1957,17.
1958,고객
1959,개인정보
1960,유출
1961,18.
1962,개인정보
1963,요청
1964,건수
1965,19.
1966,개인정보
1967,손해배상
1968,보험
1969,20.
1970,개인정보보호법
1971,21.
1972,개인정보
1973,취급자
1974,22.
1975,개인정보처리법률
1976,23.
1977,개인정보
1978,유출
1979,발생
1980,24.
1981,개인정보
1982,유출
1983,사고
1984,25.
1985,개인정보
1986,유파기
1987,26.
1988,정보보호
1989,교육
1990,27.
1991,제3자
1992,제공
1993,동의
1994,28.
1995,개인정보
1996,파기관리
1997,당신이
1998,제공한
1999,파일의
2000,내용을
2001,볼
2002,수는
2003,"없지만,"
2004,일반적으로
2005,중요한
2006,명사를
2007,추출하려면
2008,다음과
2009,같은
2010,방법을
2011,사용할
2012,수
2013,있습니다:
2014,1.
2015,파일을
2016,열어서
2017,내용을
2018,확인합니다.
2019,2.
2020,텍스트에서
2021,단어를
2022,"추출하고,"
2023,각
2024,단어의
2025,품사를
2026,확인합니다.
2027,3.
2028,명사인
2029,단어를
2030,추출하여
2031,리스트로
2032,만듭니다.
2033,4.
2034,이
2035,중에서
2036,중요한
2037,명사를
2038,구분하여
2039,추출합니다.
2040,만약
2041,해당
2042,파일
2043,혹은
2044,텍스트를
2045,"공유해주신다면,"
2046,더
2047,정확한
2048,도움을
2049,드릴
2050,수
2051,있을
2052,것입니다.
2053,내용
2054,중요
2055,명사
2056,추출
2057,결과:
2058,1.
2059,내용
2060,2.
2061,중요
2062,3.
2063,명사
2064,4.
2065,추출
2066,"내용,"
2067,명사.
2068,"죄송합니다,"
2069,내용을
2070,알려주시지
2071,않았는데요.
2072,어떤
2073,내용을
2074,중요한
2075,명사로
2076,추출해드릴까요?
2077,내용을
2078,분석하겠습니다.
2079,결과를
2080,조만간
2081,알려드리겠습니다.
